[{"id":1,"name":"Matilda","author":"ROALD DAHL","category":"Carte pentru copii","publishing_house":"Penguin","price":27,"discount":0,"quantity":22,"availability_date":"2020-11-24","rating":4,"image":"matilda.jpg"},{"id":2,"name":"Thinking, Fast and Slow","author":"Daniel Kahneman","category":"Psihologie","publishing_house":"Penguin","price":55,"discount":0,"quantity":29,"availability_date":"2021-08-17","rating":5,"image":"thinking_fast_and_slow.jpg"},{"id":3,"name":"One Of Us Is Lying","author":"Karen McManus","category":"Science Fiction","publishing_house":"Penguin","price":51,"discount":25,"quantity":1,"availability_date":"2021-01-29","rating":5,"image":"one_of_us_is_lying.jpg"},{"id":4,"name":"The Adventures of Huckleberry Finn","author":"Mark Twain","category":"Carte pentru copii","publishing_house":"Vintage","price":30,"discount":10,"quantity":15,"availability_date":"2020-03-17","rating":5,"image":"huckleberry_finn.jpg"},{"id":5,"name":"Harry Potter Box Set, The Complete Collection","author":"J.K. Rowling","category":"Fantezie","publishing_house":"Bloomsbury","price":299,"discount":20,"quantity":5,"availability_date":"2021-09-14","rating":4,"image":"harry_potter.png"},{"id":6,"name":"Six of Crows","author":"Leigh Bardugo","category":"Fictiune","publishing_house":"Orion","price":56,"discount":0,"quantity":1,"availability_date":"2021-09-14","rating":3,"image":"six_of_crows.jpg"},{"id":7,"name":"The Snowball: Warren Buffett and the Business of Life","author":"Alice Schroeder","category":"Afaceri si economie","publishing_house":"Bloomsbury","price":72,"discount":0,"quantity":4,"availability_date":"2021-03-29","rating":5,"image":"warren_buffet.jpg"},{"id":8,"name":"Aphorisms on Love and Hate","author":"Friedrich Nietzsche","category":"Filosofie","publishing_house":"Penguin","price":10,"discount":0,"quantity":29,"availability_date":"2021-10-26","rating":5,"image":"aphorisms_on_love_and_hate.jpg"},{"id":9,"name":"Court of Mist and Fury, Paperback","author":"Sarah J. Maas","category":"Fantezie","publishing_house":"Bloomsbury","price":45,"discount":0,"quantity":19,"availability_date":"2021-04-13","rating":4,"image":"court_of_mist_and_fury.jpg"},{"id":10,"name":"Meditations, Paperback","author":"Marcus Aurelius","category":"Filosofie","publishing_house":"Penguin","price":34,"discount":25,"quantity":33,"availability_date":"2021-11-01","rating":5,"image":"meditations.jpg"},{"id":11,"name":"Sapiens: A Brief History of Humankind","author":"Yuval Noah Harari","category":"Cultura","publishing_house":"Vintage","price":45,"discount":0,"quantity":14,"availability_date":"2017-03-02","rating":4,"image":"sapiens.jpg"},{"id":12,"name":"Atomic Habits, Paperback","author":"James Clear","category":"Dezvoltare Personala","publishing_house":"Cornerstone","price":79,"discount":25,"quantity":45,"availability_date":"2021-04-13","rating":4,"image":"atomic_habits_paperback.jpg"},{"id":13,"name":"Science of Spice","author":"Stuart Farrimond","category":"Culinar","publishing_house":"Dorling","price":90,"discount":0,"quantity":29,"availability_date":"2021-04-13","rating":5,"image":"science_of_spice.jpg"},{"id":14,"name":"Letters to a Young Poet","author":"Rainer Maria Rilke","category":"Fantezie","publishing_house":"Penguin","price":10,"discount":0,"quantity":32,"availability_date":"2021-11-01","rating":4,"image":"letters_to_a_young_poet.jpg"},{"id":15,"name":"Throne of Glass","author":"Sarah J. Maas","category":"Science Fiction","publishing_house":"Bloomsbury","price":45,"discount":25,"quantity":0,"availability_date":"2022-03-20","rating":4,"image":"throne_of_glass.jpg"}]