[{"id":"a0013730-ded4-11ec-8b5a-93f7848abba7","user_id":1,"name":"Stefan Boarcas","email":"sboarcas@btlibrary.com","delivery_address":{"street":"Apei","suite":"4","city":"Bucuresti","zipcode":"014034"},"billing_address":{"street":"Apei","suite":"4","city":"Bucuresti","zipcode":"014034"},"phone":"0712345678","order":[{"id":3,"name":"One Of Us Is Lying","price":51,"quantity":1},{"id":1,"name":"Matilda","price":26,"quantity":1},{"id":2,"name":"Thinking, Fast and Slow","price":55,"quantity":1}],"payment":"card","date":1653776534051,"total":132},{"id":"78591ef0-e28f-11ec-83a2-f95c3ba8dc51","user_id":3,"name":"Ion Vasile","email":"ivasile@btlibrary.com","delivery_address":{"street":"Icoanei","suite":"3A","city":"Bucuresti","zipcode":"020276"},"billing_address":{"street":"Icoanei","suite":"3A","city":"Bucuresti","zipcode":"020276"},"phone":"0712345678","order":[{"id":3,"name":"One Of Us Is Lying","price":51,"quantity":1},{"id":6,"name":"Six of Crows","price":56,"quantity":1}],"payment":"card","date":1654186636895,"total":107},{"id":"b1f106e0-97a3-11ed-b79d-ddf977351588","user_id":1,"name":"Stefan Boarcas","email":"sboarcas@btlibrary.com","delivery_address":{"street":"Apei","suite":"4","city":"Bucuresti","zipcode":"014034"},"billing_address":{"street":"Apei","suite":"4","city":"Bucuresti","zipcode":"014034"},"phone":"0712345678","order":[{"id":2,"name":"Thinking, Fast and Slow","price":55,"quantity":1},{"id":4,"name":"The Adventures of Huckleberry Finn","price":30,"quantity":1},{"id":1,"name":"Matilda","price":27,"quantity":1}],"payment":"card","date":1674096483918,"total":112},{"id":"5d635ae0-a0c4-11ed-a2a5-538fbe240221","user_id":1,"name":"Stefan Boarcas","email":"sboarcas@btlibrary.com","delivery_address":{"street":"Apei","suite":"4","city":"Bucuresti","zipcode":"014034"},"billing_address":{"street":"Apei","suite":"4","city":"Bucuresti","zipcode":"014034"},"phone":"0712345678","order":[{"id":1,"name":"Matilda","price":27,"quantity":1}],"payment":"card","date":1675100075918,"total":27},{"id":"2e2e5520-a0d5-11ed-82b1-81cfe40b03b2","user_id":1,"name":"Stefan Boarcas","email":"sboarcas@btlibrary.com","delivery_address":{"street":"Apei","suite":"4","city":"Bucuresti","zipcode":"014034"},"billing_address":{"street":"Apei","suite":"4","city":"Bucuresti","zipcode":"014034"},"phone":"0712345678","order":[{"id":14,"name":"Letters to a Young Poet","price":10,"quantity":1}],"payment":"card","date":1675107298162,"total":10}]